year,LineCode,airport,gdp
2011-01-01,1.0,ATL,277405509.0
2011-01-01,2.0,ATL,250779823.0
2011-01-01,3.0,ATL,
2011-01-01,6.0,ATL,267771.0
2011-01-01,10.0,ATL,3704264.0
2011-01-01,11.0,ATL,
2011-01-01,12.0,ATL,24796297.0
2011-01-01,13.0,ATL,
2011-01-01,25.0,ATL,
2011-01-01,34.0,ATL,
2011-01-01,35.0,ATL,14903243.0
2011-01-01,36.0,ATL,
2011-01-01,45.0,ATL,
2011-01-01,50.0,ATL,52754957.0
2011-01-01,51.0,ATL,
2011-01-01,56.0,ATL,
2011-01-01,59.0,ATL,41014554.0
2011-01-01,60.0,ATL,
2011-01-01,64.0,ATL,
2011-01-01,65.0,ATL,
2011-01-01,68.0,ATL,
2011-01-01,69.0,ATL,
2011-01-01,70.0,ATL,
2011-01-01,75.0,ATL,9035272.0
2011-01-01,76.0,ATL,
2011-01-01,79.0,ATL,
2011-01-01,82.0,ATL,5091216.0
2011-01-01,83.0,ATL,26625686.0
2011-01-01,,ATL,
2011-01-01,87.0,ATL,
2011-01-01,88.0,ATL,
2011-01-01,89.0,ATL,
2011-01-01,90.0,ATL,
2011-01-01,91.0,ATL,34120190.0
2011-01-01,92.0,ATL,216659633.0
2011-01-01,1.0,DFW,94641424.0
2011-01-01,2.0,DFW,81873016.0
2011-01-01,3.0,DFW,30161.0
2011-01-01,6.0,DFW,1182604.0
2011-01-01,10.0,DFW,788426.0
2011-01-01,11.0,DFW,3926878.0
2011-01-01,12.0,DFW,13969235.0
2011-01-01,13.0,DFW,12966037.0
2011-01-01,25.0,DFW,1003198.0
2011-01-01,34.0,DFW,10662985.0
2011-01-01,35.0,DFW,5465327.0
2011-01-01,36.0,DFW,1304041.0
2011-01-01,45.0,DFW,5983353.0
2011-01-01,50.0,DFW,13081010.0
2011-01-01,51.0,DFW,4360601.0
2011-01-01,56.0,DFW,8720409.0
2011-01-01,59.0,DFW,13310665.0
2011-01-01,60.0,DFW,9709176.0
2011-01-01,64.0,DFW,
2011-01-01,65.0,DFW,
2011-01-01,68.0,DFW,6254195.0
2011-01-01,69.0,DFW,775808.0
2011-01-01,70.0,DFW,5478387.0
2011-01-01,75.0,DFW,3637605.0
2011-01-01,76.0,DFW,653357.0
2011-01-01,79.0,DFW,2984248.0
2011-01-01,82.0,DFW,2276530.0
2011-01-01,83.0,DFW,12768408.0
2011-01-01,,DFW,
2011-01-01,87.0,DFW,1212765.0
2011-01-01,88.0,DFW,16128313.0
2011-01-01,89.0,DFW,2092467.0
2011-01-01,90.0,DFW,19952589.0
2011-01-01,91.0,DFW,19108878.0
2011-01-01,92.0,DFW,62764138.0
2011-01-01,1.0,BOS,340778444.0
2011-01-01,2.0,BOS,305948117.0
2011-01-01,3.0,BOS,
2011-01-01,6.0,BOS,88970.0
2011-01-01,10.0,BOS,4760740.0
2011-01-01,11.0,BOS,8799884.0
2011-01-01,12.0,BOS,34607376.0
2011-01-01,13.0,BOS,24999720.0
2011-01-01,25.0,BOS,9607657.0
2011-01-01,34.0,BOS,18812276.0
2011-01-01,35.0,BOS,12720563.0
2011-01-01,36.0,BOS,
2011-01-01,45.0,BOS,22966037.0
2011-01-01,50.0,BOS,75298495.0
2011-01-01,51.0,BOS,29692072.0
2011-01-01,56.0,BOS,45606423.0
2011-01-01,59.0,BOS,62104125.0
2011-01-01,60.0,BOS,44958447.0
2011-01-01,64.0,BOS,7407765.0
2011-01-01,65.0,BOS,9737914.0
2011-01-01,68.0,BOS,41957762.0
2011-01-01,69.0,BOS,11508045.0
2011-01-01,70.0,BOS,30449717.0
2011-01-01,75.0,BOS,11858241.0
2011-01-01,76.0,BOS,3497304.0
2011-01-01,79.0,BOS,8360936.0
2011-01-01,82.0,BOS,5999131.0
2011-01-01,83.0,BOS,34830327.0
2011-01-01,,BOS,
2011-01-01,87.0,BOS,
2011-01-01,88.0,BOS,31532839.0
2011-01-01,89.0,BOS,
2011-01-01,90.0,BOS,57573413.0
2011-01-01,91.0,BOS,
2011-01-01,92.0,BOS,
2011-01-01,1.0,CLT,117106245.0
2011-01-01,2.0,CLT,106077882.0
2011-01-01,3.0,CLT,395706.0
2011-01-01,6.0,CLT,92306.0
2011-01-01,10.0,CLT,
2011-01-01,11.0,CLT,3407150.0
2011-01-01,12.0,CLT,16284998.0
2011-01-01,13.0,CLT,7971373.0
2011-01-01,25.0,CLT,8313624.0
2011-01-01,34.0,CLT,8562903.0
2011-01-01,35.0,CLT,5938543.0
2011-01-01,36.0,CLT,
2011-01-01,45.0,CLT,5035425.0
2011-01-01,50.0,CLT,29778320.0
2011-01-01,51.0,CLT,18605567.0
2011-01-01,56.0,CLT,11172753.0
2011-01-01,59.0,CLT,
2011-01-01,60.0,CLT,
2011-01-01,64.0,CLT,
2011-01-01,65.0,CLT,
2011-01-01,68.0,CLT,6762491.0
2011-01-01,69.0,CLT,
2011-01-01,70.0,CLT,
2011-01-01,75.0,CLT,
2011-01-01,76.0,CLT,
2011-01-01,79.0,CLT,
2011-01-01,82.0,CLT,2040917.0
2011-01-01,83.0,CLT,11028363.0
2011-01-01,,CLT,
2011-01-01,87.0,CLT,488012.0
2011-01-01,88.0,CLT,14501446.0
2011-01-01,89.0,CLT,
2011-01-01,90.0,CLT,21320423.0
2011-01-01,91.0,CLT,20180159.0
2011-01-01,92.0,CLT,85897723.0
2011-01-01,1.0,ORD,532961747.0
2011-01-01,2.0,ORD,480773682.0
2011-01-01,3.0,ORD,684904.0
2011-01-01,6.0,ORD,290500.0
2011-01-01,10.0,ORD,6058052.0
2011-01-01,11.0,ORD,14891650.0
2011-01-01,12.0,ORD,70196959.0
2011-01-01,13.0,ORD,
2011-01-01,25.0,ORD,
2011-01-01,34.0,ORD,
2011-01-01,35.0,ORD,26584144.0
2011-01-01,36.0,ORD,
2011-01-01,45.0,ORD,
2011-01-01,50.0,ORD,113144825.0
2011-01-01,51.0,ORD,48858336.0
2011-01-01,56.0,ORD,64286489.0
2011-01-01,59.0,ORD,
2011-01-01,60.0,ORD,
2011-01-01,64.0,ORD,
2011-01-01,65.0,ORD,18713018.0
2011-01-01,68.0,ORD,47656202.0
2011-01-01,69.0,ORD,
2011-01-01,70.0,ORD,
2011-01-01,75.0,ORD,20301295.0
2011-01-01,76.0,ORD,
2011-01-01,79.0,ORD,
2011-01-01,82.0,ORD,
2011-01-01,83.0,ORD,52188066.0
2011-01-01,,ORD,
2011-01-01,87.0,ORD,975404.0
2011-01-01,88.0,ORD,
2011-01-01,89.0,ORD,
2011-01-01,90.0,ORD,
2011-01-01,91.0,ORD,86064013.0
2011-01-01,92.0,ORD,394709668.0
2011-01-01,1.0,DEN,145505300.0
2011-01-01,2.0,DEN,129955870.0
2011-01-01,3.0,DEN,
2011-01-01,6.0,DEN,2838229.0
2011-01-01,10.0,DEN,937983.0
2011-01-01,11.0,DEN,4846492.0
2011-01-01,12.0,DEN,
2011-01-01,13.0,DEN,
2011-01-01,25.0,DEN,
2011-01-01,34.0,DEN,
2011-01-01,35.0,DEN,7579360.0
2011-01-01,36.0,DEN,
2011-01-01,45.0,DEN,12913308.0
2011-01-01,50.0,DEN,29465829.0
2011-01-01,51.0,DEN,10037535.0
2011-01-01,56.0,DEN,19428294.0
2011-01-01,59.0,DEN,
2011-01-01,60.0,DEN,15669106.0
2011-01-01,64.0,DEN,
2011-01-01,65.0,DEN,
2011-01-01,68.0,DEN,
2011-01-01,69.0,DEN,
2011-01-01,70.0,DEN,
2011-01-01,75.0,DEN,5773863.0
2011-01-01,76.0,DEN,1695885.0
2011-01-01,79.0,DEN,4077978.0
2011-01-01,82.0,DEN,3170855.0
2011-01-01,83.0,DEN,15549430.0
2011-01-01,,DEN,
2011-01-01,87.0,DEN,
2011-01-01,88.0,DEN,
2011-01-01,89.0,DEN,
2011-01-01,90.0,DEN,
2011-01-01,91.0,DEN,
2011-01-01,92.0,DEN,
2011-01-01,1.0,DTW,200051064.0
2011-01-01,2.0,DTW,181591273.0
2011-01-01,3.0,DTW,151491.0
2011-01-01,6.0,DTW,258446.0
2011-01-01,10.0,DTW,2240122.0
2011-01-01,11.0,DTW,5269985.0
2011-01-01,12.0,DTW,34839248.0
2011-01-01,13.0,DTW,29860828.0
2011-01-01,25.0,DTW,4978420.0
2011-01-01,34.0,DTW,
2011-01-01,35.0,DTW,12022988.0
2011-01-01,36.0,DTW,
2011-01-01,45.0,DTW,6354510.0
2011-01-01,50.0,DTW,32875628.0
2011-01-01,51.0,DTW,10455595.0
2011-01-01,56.0,DTW,22420033.0
2011-01-01,59.0,DTW,
2011-01-01,60.0,DTW,
2011-01-01,64.0,DTW,
2011-01-01,65.0,DTW,7794982.0
2011-01-01,68.0,DTW,19675189.0
2011-01-01,69.0,DTW,1703703.0
2011-01-01,70.0,DTW,17971486.0
2011-01-01,75.0,DTW,6940229.0
2011-01-01,76.0,DTW,1794053.0
2011-01-01,79.0,DTW,5146176.0
2011-01-01,82.0,DTW,4732366.0
2011-01-01,83.0,DTW,18459791.0
2011-01-01,,DTW,
2011-01-01,87.0,DTW,409936.0
2011-01-01,88.0,DTW,
2011-01-01,89.0,DTW,
2011-01-01,90.0,DTW,41193758.0
2011-01-01,91.0,DTW,40519169.0
2011-01-01,92.0,DTW,141072104.0
2011-01-01,1.0,IAH,380459547.0
2011-01-01,2.0,IAH,351554757.0
2011-01-01,3.0,IAH,102551.0
2011-01-01,6.0,IAH,26126441.0
2011-01-01,10.0,IAH,6600691.0
2011-01-01,11.0,IAH,18487473.0
2011-01-01,12.0,IAH,88972648.0
2011-01-01,13.0,IAH,
2011-01-01,25.0,IAH,
2011-01-01,34.0,IAH,34816639.0
2011-01-01,35.0,IAH,16329990.0
2011-01-01,36.0,IAH,
2011-01-01,45.0,IAH,
2011-01-01,50.0,IAH,45849228.0
2011-01-01,51.0,IAH,13904195.0
2011-01-01,56.0,IAH,31945032.0
2011-01-01,59.0,IAH,50695597.0
2011-01-01,60.0,IAH,
2011-01-01,64.0,IAH,
2011-01-01,65.0,IAH,
2011-01-01,68.0,IAH,21568233.0
2011-01-01,69.0,IAH,
2011-01-01,70.0,IAH,
2011-01-01,75.0,IAH,9744587.0
2011-01-01,76.0,IAH,1911442.0
2011-01-01,79.0,IAH,7833144.0
2011-01-01,82.0,IAH,6695047.0
2011-01-01,83.0,IAH,28904790.0
2011-01-01,,IAH,
2011-01-01,87.0,IAH,26228992.0
2011-01-01,88.0,IAH,51146629.0
2011-01-01,89.0,IAH,
2011-01-01,90.0,IAH,
2011-01-01,91.0,IAH,133689114.0
2011-01-01,92.0,IAH,217865643.0
2011-01-01,1.0,LAS,88096898.0
2011-01-01,2.0,LAS,78251020.0
2011-01-01,3.0,LAS,15031.0
2011-01-01,6.0,LAS,63658.0
2011-01-01,10.0,LAS,1639732.0
2011-01-01,11.0,LAS,4898825.0
2011-01-01,12.0,LAS,2973192.0
2011-01-01,13.0,LAS,2184905.0
2011-01-01,25.0,LAS,788287.0
2011-01-01,34.0,LAS,3319323.0
2011-01-01,35.0,LAS,6009400.0
2011-01-01,36.0,LAS,3866244.0
2011-01-01,45.0,LAS,2381363.0
2011-01-01,50.0,LAS,18003078.0
2011-01-01,51.0,LAS,4348836.0
2011-01-01,56.0,LAS,13654241.0
2011-01-01,59.0,LAS,9190878.0
2011-01-01,60.0,LAS,4523727.0
2011-01-01,64.0,LAS,1837018.0
2011-01-01,65.0,LAS,2830133.0
2011-01-01,68.0,LAS,5401715.0
2011-01-01,69.0,LAS,457724.0
2011-01-01,70.0,LAS,4943992.0
2011-01-01,75.0,LAS,18912935.0
2011-01-01,76.0,LAS,3169643.0
2011-01-01,79.0,LAS,15743292.0
2011-01-01,82.0,LAS,1575647.0
2011-01-01,83.0,LAS,9845878.0
2011-01-01,,LAS,
2011-01-01,87.0,LAS,78688.0
2011-01-01,88.0,LAS,9328723.0
2011-01-01,89.0,LAS,5505976.0
2011-01-01,90.0,LAS,5354555.0
2011-01-01,91.0,LAS,7950705.0
2011-01-01,92.0,LAS,70300314.0
2011-01-01,1.0,LAX,756470973.0
2011-01-01,2.0,LAX,683804701.0
2011-01-01,3.0,LAX,410956.0
2011-01-01,6.0,LAX,3010746.0
2011-01-01,10.0,LAX,4708080.0
2011-01-01,11.0,LAX,16193544.0
2011-01-01,12.0,LAX,73925867.0
2011-01-01,13.0,LAX,46163715.0
2011-01-01,25.0,LAX,27762153.0
2011-01-01,34.0,LAX,54774968.0
2011-01-01,35.0,LAX,41913880.0
2011-01-01,36.0,LAX,19466668.0
2011-01-01,45.0,LAX,79618413.0
2011-01-01,50.0,LAX,179805890.0
2011-01-01,51.0,LAX,43403356.0
2011-01-01,56.0,LAX,136402535.0
2011-01-01,59.0,LAX,98344858.0
2011-01-01,60.0,LAX,64257031.0
2011-01-01,64.0,LAX,9475579.0
2011-01-01,65.0,LAX,24612248.0
2011-01-01,68.0,LAX,57469536.0
2011-01-01,69.0,LAX,10516804.0
2011-01-01,70.0,LAX,46952732.0
2011-01-01,75.0,LAX,38166770.0
2011-01-01,76.0,LAX,19086517.0
2011-01-01,79.0,LAX,19080252.0
2011-01-01,82.0,LAX,15994526.0
2011-01-01,83.0,LAX,72666271.0
2011-01-01,,LAX,
2011-01-01,87.0,LAX,3421701.0
2011-01-01,88.0,LAX,96688848.0
2011-01-01,89.0,LAX,24174748.0
2011-01-01,90.0,LAX,153544280.0
2011-01-01,91.0,LAX,93541112.0
2011-01-01,92.0,LAX,590263589.0
2011-01-01,1.0,MIA,252715328.0
2011-01-01,2.0,MIA,223875163.0
2011-01-01,3.0,MIA,1028073.0
2011-01-01,6.0,MIA,276729.0
2011-01-01,10.0,MIA,3601355.0
2011-01-01,11.0,MIA,12077385.0
2011-01-01,12.0,MIA,8644379.0
2011-01-01,13.0,MIA,5194333.0
2011-01-01,25.0,MIA,3450046.0
2011-01-01,34.0,MIA,23321752.0
2011-01-01,35.0,MIA,17940623.0
2011-01-01,36.0,MIA,10674302.0
2011-01-01,45.0,MIA,14815913.0
2011-01-01,50.0,MIA,52836886.0
2011-01-01,51.0,MIA,13305589.0
2011-01-01,56.0,MIA,39531297.0
2011-01-01,59.0,MIA,32786716.0
2011-01-01,60.0,MIA,19935222.0
2011-01-01,64.0,MIA,3301663.0
2011-01-01,65.0,MIA,9549830.0
2011-01-01,68.0,MIA,23945007.0
2011-01-01,69.0,MIA,4339243.0
2011-01-01,70.0,MIA,19605764.0
2011-01-01,75.0,MIA,14465918.0
2011-01-01,76.0,MIA,3244093.0
2011-01-01,79.0,MIA,11221825.0
2011-01-01,82.0,MIA,7460125.0
2011-01-01,83.0,MIA,28840165.0
2011-01-01,,MIA,
2011-01-01,87.0,MIA,1304802.0
2011-01-01,88.0,MIA,41262374.0
2011-01-01,89.0,MIA,14275657.0
2011-01-01,90.0,MIA,23460292.0
2011-01-01,91.0,MIA,22026566.0
2011-01-01,92.0,MIA,201848597.0
2011-01-01,1.0,MSP,197392868.0
2011-01-01,2.0,MSP,177903236.0
2011-01-01,3.0,MSP,585372.0
2011-01-01,6.0,MSP,549951.0
2011-01-01,10.0,MSP,2500542.0
2011-01-01,11.0,MSP,5701557.0
2011-01-01,12.0,MSP,28649166.0
2011-01-01,13.0,MSP,17798329.0
2011-01-01,25.0,MSP,10850838.0
2011-01-01,34.0,MSP,
2011-01-01,35.0,MSP,10041072.0
2011-01-01,36.0,MSP,
2011-01-01,45.0,MSP,9008532.0
2011-01-01,50.0,MSP,40405690.0
2011-01-01,51.0,MSP,18399986.0
2011-01-01,56.0,MSP,22005704.0
2011-01-01,59.0,MSP,30644398.0
2011-01-01,60.0,MSP,
2011-01-01,64.0,MSP,
2011-01-01,65.0,MSP,
2011-01-01,68.0,MSP,17455481.0
2011-01-01,69.0,MSP,
2011-01-01,70.0,MSP,
2011-01-01,75.0,MSP,6458234.0
2011-01-01,76.0,MSP,2033482.0
2011-01-01,79.0,MSP,4424753.0
2011-01-01,82.0,MSP,4163373.0
2011-01-01,83.0,MSP,19489631.0
2011-01-01,,MSP,
2011-01-01,87.0,MSP,1135323.0
2011-01-01,88.0,MSP,
2011-01-01,89.0,MSP,
2011-01-01,90.0,MSP,37657698.0
2011-01-01,91.0,MSP,35486047.0
2011-01-01,92.0,MSP,142417190.0
2011-01-01,1.0,JFK,1309742851.0
2011-01-01,1.0,LGA,1309742851.0
2011-01-01,1.0,EWR,1309742851.0
2011-01-01,2.0,JFK,1183680934.0
2011-01-01,2.0,LGA,1183680934.0
2011-01-01,2.0,EWR,1183680934.0
2011-01-01,3.0,JFK,
2011-01-01,3.0,LGA,
2011-01-01,3.0,EWR,
2011-01-01,6.0,JFK,
2011-01-01,6.0,LGA,
2011-01-01,6.0,EWR,
2011-01-01,10.0,JFK,
2011-01-01,10.0,LGA,
2011-01-01,10.0,EWR,
2011-01-01,11.0,JFK,34108294.0
2011-01-01,11.0,LGA,34108294.0
2011-01-01,11.0,EWR,34108294.0
2011-01-01,12.0,JFK,
2011-01-01,12.0,LGA,
2011-01-01,12.0,EWR,
2011-01-01,13.0,JFK,
2011-01-01,13.0,LGA,
2011-01-01,13.0,EWR,
2011-01-01,25.0,JFK,42304919.0
2011-01-01,25.0,LGA,42304919.0
2011-01-01,25.0,EWR,42304919.0
2011-01-01,34.0,JFK,
2011-01-01,34.0,LGA,
2011-01-01,34.0,EWR,
2011-01-01,35.0,JFK,61023497.0
2011-01-01,35.0,LGA,61023497.0
2011-01-01,35.0,EWR,61023497.0
2011-01-01,36.0,JFK,
2011-01-01,36.0,LGA,
2011-01-01,36.0,EWR,
2011-01-01,45.0,JFK,107146592.0
2011-01-01,45.0,LGA,107146592.0
2011-01-01,45.0,EWR,107146592.0
2011-01-01,50.0,JFK,402872382.0
2011-01-01,50.0,LGA,402872382.0
2011-01-01,50.0,EWR,402872382.0
2011-01-01,51.0,JFK,202480109.0
2011-01-01,51.0,LGA,202480109.0
2011-01-01,51.0,EWR,202480109.0
2011-01-01,56.0,JFK,200392273.0
2011-01-01,56.0,LGA,200392273.0
2011-01-01,56.0,EWR,200392273.0
2011-01-01,59.0,JFK,191979839.0
2011-01-01,59.0,LGA,191979839.0
2011-01-01,59.0,EWR,191979839.0
2011-01-01,60.0,JFK,125798181.0
2011-01-01,60.0,LGA,125798181.0
2011-01-01,60.0,EWR,125798181.0
2011-01-01,64.0,JFK,30802120.0
2011-01-01,64.0,LGA,30802120.0
2011-01-01,64.0,EWR,30802120.0
2011-01-01,65.0,JFK,35379538.0
2011-01-01,65.0,LGA,35379538.0
2011-01-01,65.0,EWR,35379538.0
2011-01-01,68.0,JFK,115872639.0
2011-01-01,68.0,LGA,115872639.0
2011-01-01,68.0,EWR,115872639.0
2011-01-01,69.0,JFK,21578430.0
2011-01-01,69.0,LGA,21578430.0
2011-01-01,69.0,EWR,21578430.0
2011-01-01,70.0,JFK,94294210.0
2011-01-01,70.0,LGA,94294210.0
2011-01-01,70.0,EWR,94294210.0
2011-01-01,75.0,JFK,50624158.0
2011-01-01,75.0,LGA,50624158.0
2011-01-01,75.0,EWR,50624158.0
2011-01-01,76.0,JFK,19904202.0
2011-01-01,76.0,LGA,19904202.0
2011-01-01,76.0,EWR,19904202.0
2011-01-01,79.0,JFK,30719957.0
2011-01-01,79.0,LGA,30719957.0
2011-01-01,79.0,EWR,30719957.0
2011-01-01,82.0,JFK,25592355.0
2011-01-01,82.0,LGA,25592355.0
2011-01-01,82.0,EWR,25592355.0
2011-01-01,83.0,JFK,126061916.0
2011-01-01,83.0,LGA,126061916.0
2011-01-01,83.0,EWR,126061916.0
2011-01-01,,JFK,
2011-01-01,,LGA,
2011-01-01,,EWR,
2011-01-01,87.0,JFK,
2011-01-01,87.0,LGA,
2011-01-01,87.0,EWR,
2011-01-01,88.0,JFK,
2011-01-01,88.0,LGA,
2011-01-01,88.0,EWR,
2011-01-01,89.0,JFK,
2011-01-01,89.0,LGA,
2011-01-01,89.0,EWR,
2011-01-01,90.0,JFK,
2011-01-01,90.0,LGA,
2011-01-01,90.0,EWR,
2011-01-01,91.0,JFK,
2011-01-01,91.0,LGA,
2011-01-01,91.0,EWR,
2011-01-01,92.0,JFK,
2011-01-01,92.0,LGA,
2011-01-01,92.0,EWR,
2011-01-01,1.0,MCO,93965629.0
2011-01-01,2.0,MCO,84914685.0
2011-01-01,3.0,MCO,472443.0
2011-01-01,6.0,MCO,55998.0
2011-01-01,10.0,MCO,881630.0
2011-01-01,11.0,MCO,3633906.0
2011-01-01,12.0,MCO,4667599.0
2011-01-01,13.0,MCO,3304139.0
2011-01-01,25.0,MCO,1363460.0
2011-01-01,34.0,MCO,6303360.0
2011-01-01,35.0,MCO,6729558.0
2011-01-01,36.0,MCO,3114884.0
2011-01-01,45.0,MCO,4284223.0
2011-01-01,50.0,MCO,20214882.0
2011-01-01,51.0,MCO,3996693.0
2011-01-01,56.0,MCO,16218189.0
2011-01-01,59.0,MCO,12994339.0
2011-01-01,60.0,MCO,6774304.0
2011-01-01,64.0,MCO,1450866.0
2011-01-01,65.0,MCO,4769170.0
2011-01-01,68.0,MCO,8654936.0
2011-01-01,69.0,MCO,1230228.0
2011-01-01,70.0,MCO,7424707.0
2011-01-01,75.0,MCO,10803241.0
2011-01-01,76.0,MCO,4496915.0
2011-01-01,79.0,MCO,6306326.0
2011-01-01,82.0,MCO,2103685.0
2011-01-01,83.0,MCO,9050944.0
2011-01-01,,MCO,
2011-01-01,87.0,MCO,528441.0
2011-01-01,88.0,MCO,13032918.0
2011-01-01,89.0,MCO,3996514.0
2011-01-01,90.0,MCO,8951822.0
2011-01-01,91.0,MCO,8829946.0
2011-01-01,92.0,MCO,76084739.0
2011-01-01,1.0,PHL,349811165.0
2011-01-01,2.0,PHL,315490254.0
2011-01-01,3.0,PHL,
2011-01-01,6.0,PHL,
2011-01-01,10.0,PHL,7051483.0
2011-01-01,11.0,PHL,
2011-01-01,12.0,PHL,
2011-01-01,13.0,PHL,
2011-01-01,25.0,PHL,
2011-01-01,34.0,PHL,23597474.0
2011-01-01,35.0,PHL,16798033.0
2011-01-01,36.0,PHL,8072711.0
2011-01-01,45.0,PHL,26768112.0
2011-01-01,50.0,PHL,81864504.0
2011-01-01,51.0,PHL,35299027.0
2011-01-01,56.0,PHL,46565477.0
2011-01-01,59.0,PHL,51834534.0
2011-01-01,60.0,PHL,
2011-01-01,64.0,PHL,
2011-01-01,65.0,PHL,9535465.0
2011-01-01,68.0,PHL,40425863.0
2011-01-01,69.0,PHL,9623010.0
2011-01-01,70.0,PHL,30802852.0
2011-01-01,75.0,PHL,10101382.0
2011-01-01,76.0,PHL,3585455.0
2011-01-01,79.0,PHL,6515927.0
2011-01-01,82.0,PHL,6409968.0
2011-01-01,83.0,PHL,34320911.0
2011-01-01,,PHL,
2011-01-01,87.0,PHL,
2011-01-01,88.0,PHL,40395507.0
2011-01-01,89.0,PHL,15124194.0
2011-01-01,90.0,PHL,
2011-01-01,91.0,PHL,42566190.0
2011-01-01,92.0,PHL,272924064.0
2011-01-01,1.0,PHX,182446635.0
2011-01-01,2.0,PHX,161901576.0
2011-01-01,3.0,PHX,723032.0
2011-01-01,6.0,PHX,2430191.0
2011-01-01,10.0,PHX,3429187.0
2011-01-01,11.0,PHX,6976403.0
2011-01-01,12.0,PHX,17821182.0
2011-01-01,13.0,PHX,14253022.0
2011-01-01,25.0,PHX,3568159.0
2011-01-01,34.0,PHX,13302945.0
2011-01-01,35.0,PHX,14539762.0
2011-01-01,36.0,PHX,5637018.0
2011-01-01,45.0,PHX,5543674.0
2011-01-01,50.0,PHX,38708176.0
2011-01-01,51.0,PHX,13221242.0
2011-01-01,56.0,PHX,25486934.0
2011-01-01,59.0,PHX,22903451.0
2011-01-01,60.0,PHX,11833832.0
2011-01-01,64.0,PHX,2158824.0
2011-01-01,65.0,PHX,8910795.0
2011-01-01,68.0,PHX,18185767.0
2011-01-01,69.0,PHX,2889549.0
2011-01-01,70.0,PHX,15296217.0
2011-01-01,75.0,PHX,8075168.0
2011-01-01,76.0,PHX,1729000.0
2011-01-01,79.0,PHX,6346167.0
2011-01-01,82.0,PHX,3625621.0
2011-01-01,83.0,PHX,20545058.0
2011-01-01,,PHX,
2011-01-01,87.0,PHX,3153223.0
2011-01-01,88.0,PHX,27842707.0
2011-01-01,89.0,PHX,9066205.0
2011-01-01,90.0,PHX,23364856.0
2011-01-01,91.0,PHX,27950808.0
2011-01-01,92.0,PHX,133950768.0
2011-01-01,1.0,SFO,331268308.0
2011-01-01,2.0,SFO,297602363.0
2011-01-01,3.0,SFO,
2011-01-01,6.0,SFO,558635.0
2011-01-01,10.0,SFO,3231677.0
2011-01-01,11.0,SFO,10838449.0
2011-01-01,12.0,SFO,35747422.0
2011-01-01,13.0,SFO,11929222.0
2011-01-01,25.0,SFO,23818200.0
2011-01-01,34.0,SFO,15689779.0
2011-01-01,35.0,SFO,16632803.0
2011-01-01,36.0,SFO,
2011-01-01,45.0,SFO,22952844.0
2011-01-01,50.0,SFO,72304544.0
2011-01-01,51.0,SFO,23523650.0
2011-01-01,56.0,SFO,48780894.0
2011-01-01,59.0,SFO,66157569.0
2011-01-01,60.0,SFO,48262844.0
2011-01-01,64.0,SFO,7986156.0
2011-01-01,65.0,SFO,9908569.0
2011-01-01,68.0,SFO,24518817.0
2011-01-01,69.0,SFO,3732047.0
2011-01-01,70.0,SFO,20786770.0
2011-01-01,75.0,SFO,13355438.0
2011-01-01,76.0,SFO,4318740.0
2011-01-01,79.0,SFO,9036699.0
2011-01-01,82.0,SFO,6491256.0
2011-01-01,83.0,SFO,33665945.0
2011-01-01,,SFO,
2011-01-01,87.0,SFO,
2011-01-01,88.0,SFO,32322581.0
2011-01-01,89.0,SFO,
2011-01-01,90.0,SFO,58700266.0
2011-01-01,91.0,SFO,
2011-01-01,92.0,SFO,
2011-01-01,1.0,SEA,251376955.0
2011-01-01,2.0,SEA,222306802.0
2011-01-01,3.0,SEA,567037.0
2011-01-01,6.0,SEA,151400.0
2011-01-01,10.0,SEA,328203.0
2011-01-01,11.0,SEA,6296481.0
2011-01-01,12.0,SEA,41560125.0
2011-01-01,13.0,SEA,36794568.0
2011-01-01,25.0,SEA,4765558.0
2011-01-01,34.0,SEA,15214285.0
2011-01-01,35.0,SEA,16692018.0
2011-01-01,36.0,SEA,7870606.0
2011-01-01,45.0,SEA,34665613.0
2011-01-01,50.0,SEA,39986992.0
2011-01-01,51.0,SEA,10002082.0
2011-01-01,56.0,SEA,29984910.0
2011-01-01,59.0,SEA,29722309.0
2011-01-01,60.0,SEA,19486086.0
2011-01-01,64.0,SEA,3493353.0
2011-01-01,65.0,SEA,6742869.0
2011-01-01,68.0,SEA,16122031.0
2011-01-01,69.0,SEA,1720577.0
2011-01-01,70.0,SEA,14401454.0
2011-01-01,75.0,SEA,8343937.0
2011-01-01,76.0,SEA,2387390.0
2011-01-01,79.0,SEA,5956547.0
2011-01-01,82.0,SEA,4785762.0
2011-01-01,83.0,SEA,29070153.0
2011-01-01,,SEA,
2011-01-01,87.0,SEA,718437.0
2011-01-01,88.0,SEA,31906303.0
2011-01-01,89.0,SEA,8198809.0
2011-01-01,90.0,SEA,76225738.0
2011-01-01,91.0,SEA,48575044.0
2011-01-01,92.0,SEA,173731757.0
2012-01-01,1.0,ATL,287570424.0
2012-01-01,2.0,ATL,260962774.0
2012-01-01,3.0,ATL,
2012-01-01,6.0,ATL,228417.0
2012-01-01,10.0,ATL,3582854.0
2012-01-01,11.0,ATL,
2012-01-01,12.0,ATL,24893756.0
2012-01-01,13.0,ATL,
2012-01-01,25.0,ATL,
2012-01-01,34.0,ATL,
2012-01-01,35.0,ATL,15651643.0
2012-01-01,36.0,ATL,
2012-01-01,45.0,ATL,
2012-01-01,50.0,ATL,56757916.0
2012-01-01,51.0,ATL,
2012-01-01,56.0,ATL,
2012-01-01,59.0,ATL,43318419.0
2012-01-01,60.0,ATL,
2012-01-01,64.0,ATL,
2012-01-01,65.0,ATL,
2012-01-01,68.0,ATL,
2012-01-01,69.0,ATL,
2012-01-01,70.0,ATL,
2012-01-01,75.0,ATL,9632142.0
2012-01-01,76.0,ATL,
2012-01-01,79.0,ATL,
2012-01-01,82.0,ATL,5314810.0
2012-01-01,83.0,ATL,26607651.0
2012-01-01,,ATL,
2012-01-01,87.0,ATL,
2012-01-01,88.0,ATL,
2012-01-01,89.0,ATL,
2012-01-01,90.0,ATL,
2012-01-01,91.0,ATL,34105385.0
2012-01-01,92.0,ATL,226857389.0
2012-01-01,1.0,DFW,99254274.0
2012-01-01,2.0,DFW,86120209.0
2012-01-01,3.0,DFW,60176.0
2012-01-01,6.0,DFW,1090154.0
2012-01-01,10.0,DFW,792281.0
2012-01-01,11.0,DFW,4417061.0
2012-01-01,12.0,DFW,12668695.0
2012-01-01,13.0,DFW,11567345.0
2012-01-01,25.0,DFW,1101350.0
2012-01-01,34.0,DFW,11846633.0
2012-01-01,35.0,DFW,5858068.0
2012-01-01,36.0,DFW,1553874.0
2012-01-01,45.0,DFW,6099462.0
2012-01-01,50.0,DFW,14215642.0
2012-01-01,51.0,DFW,4935533.0
2012-01-01,56.0,DFW,9280109.0
2012-01-01,59.0,DFW,14377920.0
2012-01-01,60.0,DFW,10669731.0
2012-01-01,64.0,DFW,
2012-01-01,65.0,DFW,
2012-01-01,68.0,DFW,6700861.0
2012-01-01,69.0,DFW,830338.0
2012-01-01,70.0,DFW,5870523.0
2012-01-01,75.0,DFW,3990528.0
2012-01-01,76.0,DFW,
2012-01-01,79.0,DFW,
2012-01-01,82.0,DFW,2448854.0
2012-01-01,83.0,DFW,13134066.0
2012-01-01,,DFW,
2012-01-01,87.0,DFW,1150330.0
2012-01-01,88.0,DFW,17704701.0
2012-01-01,89.0,DFW,2346155.0
2012-01-01,90.0,DFW,18768157.0
2012-01-01,91.0,DFW,18236086.0
2012-01-01,92.0,DFW,67884123.0
2012-01-01,1.0,BOS,357087616.0
2012-01-01,2.0,BOS,323342588.0
2012-01-01,3.0,BOS,
2012-01-01,6.0,BOS,90949.0
2012-01-01,10.0,BOS,4629285.0
2012-01-01,11.0,BOS,9466517.0
2012-01-01,12.0,BOS,35140597.0
2012-01-01,13.0,BOS,25028694.0
2012-01-01,25.0,BOS,10111903.0
2012-01-01,34.0,BOS,18835815.0
2012-01-01,35.0,BOS,12875443.0
2012-01-01,36.0,BOS,
2012-01-01,45.0,BOS,22632395.0
2012-01-01,50.0,BOS,84560333.0
2012-01-01,51.0,BOS,36584365.0
2012-01-01,56.0,BOS,47975968.0
2012-01-01,59.0,BOS,66238752.0
2012-01-01,60.0,BOS,48335120.0
2012-01-01,64.0,BOS,7937840.0
2012-01-01,65.0,BOS,9965792.0
2012-01-01,68.0,BOS,44032456.0
2012-01-01,69.0,BOS,11900398.0
2012-01-01,70.0,BOS,32132058.0
2012-01-01,75.0,BOS,12606509.0
2012-01-01,76.0,BOS,3658522.0
2012-01-01,79.0,BOS,8947988.0
2012-01-01,82.0,BOS,6221854.0
2012-01-01,83.0,BOS,33745029.0
2012-01-01,,BOS,
2012-01-01,87.0,BOS,
2012-01-01,88.0,BOS,31711258.0
2012-01-01,89.0,BOS,
2012-01-01,90.0,BOS,57772992.0
2012-01-01,91.0,BOS,
2012-01-01,92.0,BOS,
2012-01-01,1.0,CLT,127361099.0
2012-01-01,2.0,CLT,116171292.0
2012-01-01,3.0,CLT,557359.0
2012-01-01,6.0,CLT,73879.0
2012-01-01,10.0,CLT,
2012-01-01,11.0,CLT,4017883.0
2012-01-01,12.0,CLT,17006983.0
2012-01-01,13.0,CLT,8477294.0
2012-01-01,25.0,CLT,8529689.0
2012-01-01,34.0,CLT,9141162.0
2012-01-01,35.0,CLT,6332782.0
2012-01-01,36.0,CLT,
2012-01-01,45.0,CLT,4919726.0
2012-01-01,50.0,CLT,35238747.0
2012-01-01,51.0,CLT,23268572.0
2012-01-01,56.0,CLT,11970175.0
2012-01-01,59.0,CLT,17621819.0
2012-01-01,60.0,CLT,
2012-01-01,64.0,CLT,
2012-01-01,65.0,CLT,
2012-01-01,68.0,CLT,7043247.0
2012-01-01,69.0,CLT,
2012-01-01,70.0,CLT,
2012-01-01,75.0,CLT,
2012-01-01,76.0,CLT,
2012-01-01,79.0,CLT,
2012-01-01,82.0,CLT,2299471.0
2012-01-01,83.0,CLT,11189807.0
2012-01-01,,CLT,
2012-01-01,87.0,CLT,631238.0
2012-01-01,88.0,CLT,15473944.0
2012-01-01,89.0,CLT,
2012-01-01,90.0,CLT,21926709.0
2012-01-01,91.0,CLT,21656104.0
2012-01-01,92.0,CLT,94515188.0
2012-01-01,1.0,ORD,561588192.0
2012-01-01,2.0,ORD,508763428.0
2012-01-01,3.0,ORD,550397.0
2012-01-01,6.0,ORD,272006.0
2012-01-01,10.0,ORD,
2012-01-01,11.0,ORD,16056859.0
2012-01-01,12.0,ORD,74725013.0
2012-01-01,13.0,ORD,
2012-01-01,25.0,ORD,
2012-01-01,34.0,ORD,
2012-01-01,35.0,ORD,27774420.0
2012-01-01,36.0,ORD,
2012-01-01,45.0,ORD,
2012-01-01,50.0,ORD,122113683.0
2012-01-01,51.0,ORD,55073865.0
2012-01-01,56.0,ORD,67039819.0
2012-01-01,59.0,ORD,
2012-01-01,60.0,ORD,
2012-01-01,64.0,ORD,
2012-01-01,65.0,ORD,19729675.0
2012-01-01,68.0,ORD,49246005.0
2012-01-01,69.0,ORD,10781494.0
2012-01-01,70.0,ORD,38464511.0
2012-01-01,75.0,ORD,21978588.0
2012-01-01,76.0,ORD,
2012-01-01,79.0,ORD,
2012-01-01,82.0,ORD,
2012-01-01,83.0,ORD,52824764.0
2012-01-01,,ORD,
2012-01-01,87.0,ORD,822403.0
2012-01-01,88.0,ORD,
2012-01-01,89.0,ORD,
2012-01-01,90.0,ORD,
2012-01-01,91.0,ORD,91604275.0
2012-01-01,92.0,ORD,417159152.0
2012-01-01,1.0,DEN,152873532.0
2012-01-01,2.0,DEN,136967199.0
2012-01-01,3.0,DEN,
2012-01-01,6.0,DEN,2847235.0
2012-01-01,10.0,DEN,
2012-01-01,11.0,DEN,5318567.0
2012-01-01,12.0,DEN,
2012-01-01,13.0,DEN,
2012-01-01,25.0,DEN,
2012-01-01,34.0,DEN,
2012-01-01,35.0,DEN,7912024.0
2012-01-01,36.0,DEN,
2012-01-01,45.0,DEN,
2012-01-01,50.0,DEN,31449233.0
2012-01-01,51.0,DEN,
2012-01-01,56.0,DEN,
2012-01-01,59.0,DEN,
2012-01-01,60.0,DEN,16581703.0
2012-01-01,64.0,DEN,
2012-01-01,65.0,DEN,
2012-01-01,68.0,DEN,11210449.0
2012-01-01,69.0,DEN,
2012-01-01,70.0,DEN,
2012-01-01,75.0,DEN,6204917.0
2012-01-01,76.0,DEN,1782293.0
2012-01-01,79.0,DEN,4422624.0
2012-01-01,82.0,DEN,3447926.0
2012-01-01,83.0,DEN,15906333.0
2012-01-01,,DEN,
2012-01-01,87.0,DEN,
2012-01-01,88.0,DEN,
2012-01-01,89.0,DEN,
2012-01-01,90.0,DEN,
2012-01-01,91.0,DEN,
2012-01-01,92.0,DEN,
2012-01-01,1.0,DTW,212159700.0
2012-01-01,2.0,DTW,194115343.0
2012-01-01,3.0,DTW,166317.0
2012-01-01,6.0,DTW,252322.0
2012-01-01,10.0,DTW,
2012-01-01,11.0,DTW,5713950.0
2012-01-01,12.0,DTW,39418486.0
2012-01-01,13.0,DTW,34479828.0
2012-01-01,25.0,DTW,4938658.0
2012-01-01,34.0,DTW,
2012-01-01,35.0,DTW,12207233.0
2012-01-01,36.0,DTW,6127442.0
2012-01-01,45.0,DTW,5937552.0
2012-01-01,50.0,DTW,35347092.0
2012-01-01,51.0,DTW,11549217.0
2012-01-01,56.0,DTW,23797875.0
2012-01-01,59.0,DTW,36588307.0
2012-01-01,60.0,DTW,
2012-01-01,64.0,DTW,
2012-01-01,65.0,DTW,8095858.0
2012-01-01,68.0,DTW,20191902.0
2012-01-01,69.0,DTW,1796263.0
2012-01-01,70.0,DTW,18395640.0
2012-01-01,75.0,DTW,7696527.0
2012-01-01,76.0,DTW,1876249.0
2012-01-01,79.0,DTW,5820278.0
2012-01-01,82.0,DTW,4953064.0
2012-01-01,83.0,DTW,18044357.0
2012-01-01,,DTW,
2012-01-01,87.0,DTW,418639.0
2012-01-01,88.0,DTW,
2012-01-01,89.0,DTW,
2012-01-01,90.0,DTW,45356038.0
2012-01-01,91.0,DTW,45551074.0
2012-01-01,92.0,DTW,148564269.0
2012-01-01,1.0,IAH,404431385.0
2012-01-01,2.0,IAH,374573457.0
2012-01-01,3.0,IAH,
2012-01-01,6.0,IAH,28161730.0
2012-01-01,10.0,IAH,6019967.0
2012-01-01,11.0,IAH,21099191.0
2012-01-01,12.0,IAH,87189655.0
2012-01-01,13.0,IAH,
2012-01-01,25.0,IAH,
2012-01-01,34.0,IAH,40398046.0
2012-01-01,35.0,IAH,17732871.0
2012-01-01,36.0,IAH,
2012-01-01,45.0,IAH,
2012-01-01,50.0,IAH,50103334.0
2012-01-01,51.0,IAH,16169570.0
2012-01-01,56.0,IAH,33933764.0
2012-01-01,59.0,IAH,
2012-01-01,60.0,IAH,
2012-01-01,64.0,IAH,
2012-01-01,65.0,IAH,
2012-01-01,68.0,IAH,22449338.0
2012-01-01,69.0,IAH,
2012-01-01,70.0,IAH,
2012-01-01,75.0,IAH,10640673.0
2012-01-01,76.0,IAH,2009039.0
2012-01-01,79.0,IAH,8631634.0
2012-01-01,82.0,IAH,7283520.0
2012-01-01,83.0,IAH,29857928.0
2012-01-01,,IAH,
2012-01-01,87.0,IAH,
2012-01-01,88.0,IAH,58130916.0
2012-01-01,89.0,IAH,
2012-01-01,90.0,IAH,
2012-01-01,91.0,IAH,
2012-01-01,92.0,IAH,
2012-01-01,1.0,LAS,89213576.0
2012-01-01,2.0,LAS,79284063.0
2012-01-01,3.0,LAS,16284.0
2012-01-01,6.0,LAS,64302.0
2012-01-01,10.0,LAS,1627791.0
2012-01-01,11.0,LAS,3621379.0
2012-01-01,12.0,LAS,3569697.0
2012-01-01,13.0,LAS,2795668.0
2012-01-01,25.0,LAS,774029.0
2012-01-01,34.0,LAS,3614769.0
2012-01-01,35.0,LAS,6364308.0
2012-01-01,36.0,LAS,4194726.0
2012-01-01,45.0,LAS,2423787.0
2012-01-01,50.0,LAS,16882965.0
2012-01-01,51.0,LAS,3469668.0
2012-01-01,56.0,LAS,13413296.0
2012-01-01,59.0,LAS,9733046.0
2012-01-01,60.0,LAS,4611858.0
2012-01-01,64.0,LAS,2138276.0
2012-01-01,65.0,LAS,2982912.0
2012-01-01,68.0,LAS,5643515.0
2012-01-01,69.0,LAS,465520.0
2012-01-01,70.0,LAS,5177995.0
2012-01-01,75.0,LAS,19867535.0
2012-01-01,76.0,LAS,3919476.0
2012-01-01,79.0,LAS,15948058.0
2012-01-01,82.0,LAS,1659958.0
2012-01-01,83.0,LAS,9929513.0
2012-01-01,,LAS,
2012-01-01,87.0,LAS,80586.0
2012-01-01,88.0,LAS,9979077.0
2012-01-01,89.0,LAS,5822517.0
2012-01-01,90.0,LAS,5993485.0
2012-01-01,91.0,LAS,7271663.0
2012-01-01,92.0,LAS,72012400.0
2012-01-01,1.0,LAX,788081634.0
2012-01-01,2.0,LAX,715065044.0
2012-01-01,3.0,LAX,461543.0
2012-01-01,6.0,LAX,3072013.0
2012-01-01,10.0,LAX,5003760.0
2012-01-01,11.0,LAX,19864297.0
2012-01-01,12.0,LAX,74273610.0
2012-01-01,13.0,LAX,45291900.0
2012-01-01,25.0,LAX,28981710.0
2012-01-01,34.0,LAX,55193843.0
2012-01-01,35.0,LAX,43894235.0
2012-01-01,36.0,LAX,19743657.0
2012-01-01,45.0,LAX,80686462.0
2012-01-01,50.0,LAX,193174053.0
2012-01-01,51.0,LAX,48335377.0
2012-01-01,56.0,LAX,144838676.0
2012-01-01,59.0,LAX,101477215.0
2012-01-01,60.0,LAX,66092836.0
2012-01-01,64.0,LAX,9910931.0
2012-01-01,65.0,LAX,25473448.0
2012-01-01,68.0,LAX,60613510.0
2012-01-01,69.0,LAX,10892383.0
2012-01-01,70.0,LAX,49721126.0
2012-01-01,75.0,LAX,40758234.0
2012-01-01,76.0,LAX,20921658.0
2012-01-01,79.0,LAX,19836575.0
2012-01-01,82.0,LAX,16848610.0
2012-01-01,83.0,LAX,73016590.0
2012-01-01,,LAX,
2012-01-01,87.0,LAX,3533556.0
2012-01-01,88.0,LAX,99088079.0
2012-01-01,89.0,LAX,24747417.0
2012-01-01,90.0,LAX,154960073.0
2012-01-01,91.0,LAX,97671463.0
2012-01-01,92.0,LAX,617393580.0
2012-01-01,1.0,MIA,259070997.0
2012-01-01,2.0,MIA,230142792.0
2012-01-01,3.0,MIA,1047643.0
2012-01-01,6.0,MIA,317585.0
2012-01-01,10.0,MIA,3636263.0
2012-01-01,11.0,MIA,8588913.0
2012-01-01,12.0,MIA,8476415.0
2012-01-01,13.0,MIA,4941439.0
2012-01-01,25.0,MIA,3534976.0
2012-01-01,34.0,MIA,25172585.0
2012-01-01,35.0,MIA,18791512.0
2012-01-01,36.0,MIA,10846227.0
2012-01-01,45.0,MIA,14850744.0
2012-01-01,50.0,MIA,56611517.0
2012-01-01,51.0,MIA,15219522.0
2012-01-01,56.0,MIA,41391996.0
2012-01-01,59.0,MIA,34599513.0
2012-01-01,60.0,MIA,20906639.0
2012-01-01,64.0,MIA,3562656.0
2012-01-01,65.0,MIA,10130218.0
2012-01-01,68.0,MIA,24467919.0
2012-01-01,69.0,MIA,4075044.0
2012-01-01,70.0,MIA,20392876.0
2012-01-01,75.0,MIA,15026754.0
2012-01-01,76.0,MIA,3617080.0
2012-01-01,79.0,MIA,11409674.0
2012-01-01,82.0,MIA,7709201.0
2012-01-01,83.0,MIA,28928205.0
2012-01-01,,MIA,
2012-01-01,87.0,MIA,1365229.0
2012-01-01,88.0,MIA,43964097.0
2012-01-01,89.0,MIA,14482490.0
2012-01-01,90.0,MIA,23327158.0
2012-01-01,91.0,MIA,18430557.0
2012-01-01,92.0,MIA,211712236.0
2012-01-01,1.0,MSP,205223887.0
2012-01-01,2.0,MSP,185358106.0
2012-01-01,3.0,MSP,660108.0
2012-01-01,6.0,MSP,468210.0
2012-01-01,10.0,MSP,2418203.0
2012-01-01,11.0,MSP,6214648.0
2012-01-01,12.0,MSP,29864161.0
2012-01-01,13.0,MSP,18436588.0
2012-01-01,25.0,MSP,11427573.0
2012-01-01,34.0,MSP,
2012-01-01,35.0,MSP,10305513.0
2012-01-01,36.0,MSP,
2012-01-01,45.0,MSP,
2012-01-01,50.0,MSP,43572293.0
2012-01-01,51.0,MSP,20209047.0
2012-01-01,56.0,MSP,23363246.0
2012-01-01,59.0,MSP,31532416.0
2012-01-01,60.0,MSP,
2012-01-01,64.0,MSP,
2012-01-01,65.0,MSP,
2012-01-01,68.0,MSP,18169545.0
2012-01-01,69.0,MSP,2447685.0
2012-01-01,70.0,MSP,15721859.0
2012-01-01,75.0,MSP,6691346.0
2012-01-01,76.0,MSP,2014914.0
2012-01-01,79.0,MSP,4676433.0
2012-01-01,82.0,MSP,4286856.0
2012-01-01,83.0,MSP,19865781.0
2012-01-01,,MSP,
2012-01-01,87.0,MSP,1128319.0
2012-01-01,88.0,MSP,
2012-01-01,89.0,MSP,
2012-01-01,90.0,MSP,
2012-01-01,91.0,MSP,37207128.0
2012-01-01,92.0,MSP,148150978.0
2012-01-01,1.0,JFK,1401795910.0
2012-01-01,1.0,LGA,1401795910.0
2012-01-01,1.0,EWR,1401795910.0
2012-01-01,2.0,JFK,1274434717.0
2012-01-01,2.0,LGA,1274434717.0
2012-01-01,2.0,EWR,1274434717.0
2012-01-01,3.0,JFK,
2012-01-01,3.0,LGA,
2012-01-01,3.0,EWR,
2012-01-01,6.0,JFK,329959.0
2012-01-01,6.0,LGA,329959.0
2012-01-01,6.0,EWR,329959.0
2012-01-01,10.0,JFK,
2012-01-01,10.0,LGA,
2012-01-01,10.0,EWR,
2012-01-01,11.0,JFK,36269960.0
2012-01-01,11.0,LGA,36269960.0
2012-01-01,11.0,EWR,36269960.0
2012-01-01,12.0,JFK,
2012-01-01,12.0,LGA,
2012-01-01,12.0,EWR,
2012-01-01,13.0,JFK,
2012-01-01,13.0,LGA,
2012-01-01,13.0,EWR,
2012-01-01,25.0,JFK,40680357.0
2012-01-01,25.0,LGA,40680357.0
2012-01-01,25.0,EWR,40680357.0
2012-01-01,34.0,JFK,
2012-01-01,34.0,LGA,
2012-01-01,34.0,EWR,
2012-01-01,35.0,JFK,62774198.0
2012-01-01,35.0,LGA,62774198.0
2012-01-01,35.0,EWR,62774198.0
2012-01-01,36.0,JFK,
2012-01-01,36.0,LGA,
2012-01-01,36.0,EWR,
2012-01-01,45.0,JFK,109343885.0
2012-01-01,45.0,LGA,109343885.0
2012-01-01,45.0,EWR,109343885.0
2012-01-01,50.0,JFK,464080190.0
2012-01-01,50.0,LGA,464080190.0
2012-01-01,50.0,EWR,464080190.0
2012-01-01,51.0,JFK,250201974.0
2012-01-01,51.0,LGA,250201974.0
2012-01-01,51.0,EWR,250201974.0
2012-01-01,56.0,JFK,213878215.0
2012-01-01,56.0,LGA,213878215.0
2012-01-01,56.0,EWR,213878215.0
2012-01-01,59.0,JFK,202260981.0
2012-01-01,59.0,LGA,202260981.0
2012-01-01,59.0,EWR,202260981.0
2012-01-01,60.0,JFK,132969923.0
2012-01-01,60.0,LGA,132969923.0
2012-01-01,60.0,EWR,132969923.0
2012-01-01,64.0,JFK,32006130.0
2012-01-01,64.0,LGA,32006130.0
2012-01-01,64.0,EWR,32006130.0
2012-01-01,65.0,JFK,37284928.0
2012-01-01,65.0,LGA,37284928.0
2012-01-01,65.0,EWR,37284928.0
2012-01-01,68.0,JFK,119891988.0
2012-01-01,68.0,LGA,119891988.0
2012-01-01,68.0,EWR,119891988.0
2012-01-01,69.0,JFK,22771481.0
2012-01-01,69.0,LGA,22771481.0
2012-01-01,69.0,EWR,22771481.0
2012-01-01,70.0,JFK,97120508.0
2012-01-01,70.0,LGA,97120508.0
2012-01-01,70.0,EWR,97120508.0
2012-01-01,75.0,JFK,55407892.0
2012-01-01,75.0,LGA,55407892.0
2012-01-01,75.0,EWR,55407892.0
2012-01-01,76.0,JFK,21745276.0
2012-01-01,76.0,LGA,21745276.0
2012-01-01,76.0,EWR,21745276.0
2012-01-01,79.0,JFK,33662617.0
2012-01-01,79.0,LGA,33662617.0
2012-01-01,79.0,EWR,33662617.0
2012-01-01,82.0,JFK,27021691.0
2012-01-01,82.0,LGA,27021691.0
2012-01-01,82.0,EWR,27021691.0
2012-01-01,83.0,JFK,127361193.0
2012-01-01,83.0,LGA,127361193.0
2012-01-01,83.0,EWR,127361193.0
2012-01-01,,JFK,
2012-01-01,,LGA,
2012-01-01,,EWR,
2012-01-01,87.0,JFK,
2012-01-01,87.0,LGA,
2012-01-01,87.0,EWR,
2012-01-01,88.0,JFK,
2012-01-01,88.0,LGA,
2012-01-01,88.0,EWR,
2012-01-01,89.0,JFK,
2012-01-01,89.0,LGA,
2012-01-01,89.0,EWR,
2012-01-01,90.0,JFK,
2012-01-01,90.0,LGA,
2012-01-01,90.0,EWR,
2012-01-01,91.0,JFK,
2012-01-01,91.0,LGA,
2012-01-01,91.0,EWR,
2012-01-01,92.0,JFK,
2012-01-01,92.0,LGA,
2012-01-01,92.0,EWR,
2012-01-01,1.0,MCO,98568541.0
2012-01-01,2.0,MCO,89259533.0
2012-01-01,3.0,MCO,561328.0
2012-01-01,6.0,MCO,51227.0
2012-01-01,10.0,MCO,892300.0
2012-01-01,11.0,MCO,3623724.0
2012-01-01,12.0,MCO,4581784.0
2012-01-01,13.0,MCO,3193562.0
2012-01-01,25.0,MCO,1388222.0
2012-01-01,34.0,MCO,6589338.0
2012-01-01,35.0,MCO,7292380.0
2012-01-01,36.0,MCO,3073627.0
2012-01-01,45.0,MCO,4239802.0
2012-01-01,50.0,MCO,21500984.0
2012-01-01,51.0,MCO,4458414.0
2012-01-01,56.0,MCO,17042571.0
2012-01-01,59.0,MCO,13788279.0
2012-01-01,60.0,MCO,7203305.0
2012-01-01,64.0,MCO,1780433.0
2012-01-01,65.0,MCO,4804541.0
2012-01-01,68.0,MCO,9364666.0
2012-01-01,69.0,MCO,1437652.0
2012-01-01,70.0,MCO,7927014.0
2012-01-01,75.0,MCO,11454615.0
2012-01-01,76.0,MCO,4811598.0
2012-01-01,79.0,MCO,6643017.0
2012-01-01,82.0,MCO,2245479.0
2012-01-01,83.0,MCO,9309009.0
2012-01-01,,MCO,
2012-01-01,87.0,MCO,612555.0
2012-01-01,88.0,MCO,13881717.0
2012-01-01,89.0,MCO,3965927.0
2012-01-01,90.0,MCO,8821586.0
2012-01-01,91.0,MCO,8818062.0
2012-01-01,92.0,MCO,80441470.0
2012-01-01,1.0,PHL,364699327.0
2012-01-01,2.0,PHL,330472650.0
2012-01-01,3.0,PHL,
2012-01-01,6.0,PHL,145888.0
2012-01-01,10.0,PHL,6839128.0
2012-01-01,11.0,PHL,
2012-01-01,12.0,PHL,
2012-01-01,13.0,PHL,
2012-01-01,25.0,PHL,
2012-01-01,34.0,PHL,24977617.0
2012-01-01,35.0,PHL,17042253.0
2012-01-01,36.0,PHL,8547170.0
2012-01-01,45.0,PHL,30176906.0
2012-01-01,50.0,PHL,86525945.0
2012-01-01,51.0,PHL,37177112.0
2012-01-01,56.0,PHL,49348834.0
2012-01-01,59.0,PHL,54680990.0
2012-01-01,60.0,PHL,
2012-01-01,64.0,PHL,
2012-01-01,65.0,PHL,9579084.0
2012-01-01,68.0,PHL,41618337.0
2012-01-01,69.0,PHL,9903662.0
2012-01-01,70.0,PHL,31714676.0
2012-01-01,75.0,PHL,10680041.0
2012-01-01,76.0,PHL,3768071.0
2012-01-01,79.0,PHL,6911970.0
2012-01-01,82.0,PHL,6755793.0
2012-01-01,83.0,PHL,34226677.0
2012-01-01,,PHL,
2012-01-01,87.0,PHL,
2012-01-01,88.0,PHL,42019870.0
2012-01-01,89.0,PHL,15386298.0
2012-01-01,90.0,PHL,
2012-01-01,91.0,PHL,42628470.0
2012-01-01,92.0,PHL,287844181.0
2012-01-01,1.0,PHX,192799880.0
2012-01-01,2.0,PHX,171790309.0
2012-01-01,3.0,PHX,691390.0
2012-01-01,6.0,PHX,2281516.0
2012-01-01,10.0,PHX,3586883.0
2012-01-01,11.0,PHX,7176939.0
2012-01-01,12.0,PHX,18643968.0
2012-01-01,13.0,PHX,15245200.0
2012-01-01,25.0,PHX,3398769.0
2012-01-01,34.0,PHX,14576938.0
2012-01-01,35.0,PHX,15129400.0
2012-01-01,36.0,PHX,6073038.0
2012-01-01,45.0,PHX,5648458.0
2012-01-01,50.0,PHX,42624485.0
2012-01-01,51.0,PHX,15726764.0
2012-01-01,56.0,PHX,26897721.0
2012-01-01,59.0,PHX,23757443.0
2012-01-01,60.0,PHX,12180108.0
2012-01-01,64.0,PHX,2423444.0
2012-01-01,65.0,PHX,9153891.0
2012-01-01,68.0,PHX,18787754.0
2012-01-01,69.0,PHX,2989201.0
2012-01-01,70.0,PHX,15798553.0
2012-01-01,75.0,PHX,8981066.0
2012-01-01,76.0,PHX,2147221.0
2012-01-01,79.0,PHX,6833844.0
2012-01-01,82.0,PHX,3831031.0
2012-01-01,83.0,PHX,21009571.0
2012-01-01,,PHX,
2012-01-01,87.0,PHX,2972906.0
2012-01-01,88.0,PHX,29706338.0
2012-01-01,89.0,PHX,9659922.0
2012-01-01,90.0,PHX,24292426.0
2012-01-01,91.0,PHX,28793813.0
2012-01-01,92.0,PHX,142996496.0
2012-01-01,1.0,SFO,364594793.0
2012-01-01,2.0,SFO,330466908.0
2012-01-01,3.0,SFO,
2012-01-01,6.0,SFO,608135.0
2012-01-01,10.0,SFO,3574576.0
2012-01-01,11.0,SFO,11299970.0
2012-01-01,12.0,SFO,38099352.0
2012-01-01,13.0,SFO,13272841.0
2012-01-01,25.0,SFO,24826511.0
2012-01-01,34.0,SFO,16245784.0
2012-01-01,35.0,SFO,17881107.0
2012-01-01,36.0,SFO,
2012-01-01,45.0,SFO,24917090.0
2012-01-01,50.0,SFO,81176042.0
2012-01-01,51.0,SFO,28591955.0
2012-01-01,56.0,SFO,52584087.0
2012-01-01,59.0,SFO,80391537.0
2012-01-01,60.0,SFO,61639782.0
2012-01-01,64.0,SFO,8250321.0
2012-01-01,65.0,SFO,10501433.0
2012-01-01,68.0,SFO,25701486.0
2012-01-01,69.0,SFO,3896204.0
2012-01-01,70.0,SFO,21805282.0
2012-01-01,75.0,SFO,14298979.0
2012-01-01,76.0,SFO,4721711.0
2012-01-01,79.0,SFO,9577268.0
2012-01-01,82.0,SFO,6601897.0
2012-01-01,83.0,SFO,34127885.0
2012-01-01,,SFO,
2012-01-01,87.0,SFO,
2012-01-01,88.0,SFO,34126891.0
2012-01-01,89.0,SFO,
2012-01-01,90.0,SFO,63016442.0
2012-01-01,91.0,SFO,
2012-01-01,92.0,SFO,
2012-01-01,1.0,SEA,269668824.0
2012-01-01,2.0,SEA,239269849.0
2012-01-01,3.0,SEA,579466.0
2012-01-01,6.0,SEA,117523.0
2012-01-01,10.0,SEA,312471.0
2012-01-01,11.0,SEA,7275968.0
2012-01-01,12.0,SEA,45064948.0
2012-01-01,13.0,SEA,40591350.0
2012-01-01,25.0,SEA,4473598.0
2012-01-01,34.0,SEA,16029076.0
2012-01-01,35.0,SEA,18405643.0
2012-01-01,36.0,SEA,8260197.0
2012-01-01,45.0,SEA,37876268.0
2012-01-01,50.0,SEA,42362616.0
2012-01-01,51.0,SEA,11003327.0
2012-01-01,56.0,SEA,31359290.0
2012-01-01,59.0,SEA,31943460.0
2012-01-01,60.0,SEA,20920002.0
2012-01-01,64.0,SEA,3942320.0
2012-01-01,65.0,SEA,7081138.0
2012-01-01,68.0,SEA,17082764.0
2012-01-01,69.0,SEA,1784484.0
2012-01-01,70.0,SEA,15298280.0
2012-01-01,75.0,SEA,8923274.0
2012-01-01,76.0,SEA,2538090.0
2012-01-01,79.0,SEA,6385184.0
2012-01-01,82.0,SEA,5036174.0
2012-01-01,83.0,SEA,30398975.0
2012-01-01,,SEA,
2012-01-01,87.0,SEA,696989.0
2012-01-01,88.0,SEA,34434719.0
2012-01-01,89.0,SEA,8572669.0
2012-01-01,90.0,SEA,82941216.0
2012-01-01,91.0,SEA,53037905.0
2012-01-01,92.0,SEA,186231944.0
2013-01-01,1.0,ATL,299918186.0
2013-01-01,2.0,ATL,273113553.0
2013-01-01,3.0,ATL,602096.0
2013-01-01,6.0,ATL,231368.0
2013-01-01,10.0,ATL,
2013-01-01,11.0,ATL,8712524.0
2013-01-01,12.0,ATL,25434336.0
2013-01-01,13.0,ATL,11697446.0
2013-01-01,25.0,ATL,13736889.0
2013-01-01,34.0,ATL,29267947.0
2013-01-01,35.0,ATL,16329761.0
2013-01-01,36.0,ATL,15165417.0
2013-01-01,45.0,ATL,31136557.0
2013-01-01,50.0,ATL,59916064.0
2013-01-01,51.0,ATL,
2013-01-01,56.0,ATL,
2013-01-01,59.0,ATL,44789479.0
2013-01-01,60.0,ATL,26477495.0
2013-01-01,64.0,ATL,
2013-01-01,65.0,ATL,
2013-01-01,68.0,ATL,22260824.0
2013-01-01,69.0,ATL,4394134.0
2013-01-01,70.0,ATL,17866690.0
2013-01-01,75.0,ATL,
2013-01-01,76.0,ATL,
2013-01-01,79.0,ATL,
2013-01-01,82.0,ATL,5518360.0
2013-01-01,83.0,ATL,26804633.0
2013-01-01,,ATL,
2013-01-01,87.0,ATL,833464.0
2013-01-01,88.0,ATL,45597708.0
2013-01-01,89.0,ATL,
2013-01-01,90.0,ATL,56570893.0
2013-01-01,91.0,ATL,34980324.0
2013-01-01,92.0,ATL,238133229.0
2013-01-01,1.0,DFW,105076383.0
2013-01-01,2.0,DFW,91228953.0
2013-01-01,3.0,DFW,81128.0
2013-01-01,6.0,DFW,1045378.0
2013-01-01,10.0,DFW,659701.0
2013-01-01,11.0,DFW,4926663.0
2013-01-01,12.0,DFW,13119160.0
2013-01-01,13.0,DFW,11738184.0
2013-01-01,25.0,DFW,1380976.0
2013-01-01,34.0,DFW,12011185.0
2013-01-01,35.0,DFW,6259365.0
2013-01-01,36.0,DFW,1658909.0
2013-01-01,45.0,DFW,6744002.0
2013-01-01,50.0,DFW,15352496.0
2013-01-01,51.0,DFW,5408001.0
2013-01-01,56.0,DFW,9944495.0
2013-01-01,59.0,DFW,15547612.0
2013-01-01,60.0,DFW,11498134.0
2013-01-01,64.0,DFW,
2013-01-01,65.0,DFW,
2013-01-01,68.0,DFW,6934914.0
2013-01-01,69.0,DFW,860740.0
2013-01-01,70.0,DFW,6074174.0
2013-01-01,75.0,DFW,4251965.0
2013-01-01,76.0,DFW,
2013-01-01,79.0,DFW,
2013-01-01,82.0,DFW,2636475.0
2013-01-01,83.0,DFW,13847430.0
2013-01-01,,DFW,
2013-01-01,87.0,DFW,1126506.0
2013-01-01,88.0,DFW,18270550.0
2013-01-01,89.0,DFW,2318611.0
2013-01-01,90.0,DFW,19863161.0
2013-01-01,91.0,DFW,19172329.0
2013-01-01,92.0,DFW,72056624.0
2013-01-01,1.0,BOS,365670891.0
2013-01-01,2.0,BOS,330917081.0
2013-01-01,3.0,BOS,
2013-01-01,6.0,BOS,93397.0
2013-01-01,10.0,BOS,4844466.0
2013-01-01,11.0,BOS,
2013-01-01,12.0,BOS,
2013-01-01,13.0,BOS,24093802.0
2013-01-01,25.0,BOS,
2013-01-01,34.0,BOS,19663070.0
2013-01-01,35.0,BOS,13323890.0
2013-01-01,36.0,BOS,
2013-01-01,45.0,BOS,23853304.0
2013-01-01,50.0,BOS,84828342.0
2013-01-01,51.0,BOS,35468314.0
2013-01-01,56.0,BOS,49360028.0
2013-01-01,59.0,BOS,67255412.0
2013-01-01,60.0,BOS,48754992.0
2013-01-01,64.0,BOS,8321955.0
2013-01-01,65.0,BOS,10178465.0
2013-01-01,68.0,BOS,45303149.0
2013-01-01,69.0,BOS,12216948.0
2013-01-01,70.0,BOS,33086201.0
2013-01-01,75.0,BOS,13607697.0
2013-01-01,76.0,BOS,4184167.0
2013-01-01,79.0,BOS,9423530.0
2013-01-01,82.0,BOS,6387938.0
2013-01-01,83.0,BOS,34753810.0
2013-01-01,,BOS,
2013-01-01,87.0,BOS,
2013-01-01,88.0,BOS,32986961.0
2013-01-01,89.0,BOS,
2013-01-01,90.0,BOS,
2013-01-01,91.0,BOS,
2013-01-01,92.0,BOS,
2013-01-01,1.0,CLT,129874487.0
2013-01-01,2.0,CLT,118148724.0
2013-01-01,3.0,CLT,609475.0
2013-01-01,6.0,CLT,81778.0
2013-01-01,10.0,CLT,
2013-01-01,11.0,CLT,4714265.0
2013-01-01,12.0,CLT,18490135.0
2013-01-01,13.0,CLT,8951162.0
2013-01-01,25.0,CLT,9538973.0
2013-01-01,34.0,CLT,9564070.0
2013-01-01,35.0,CLT,6816646.0
2013-01-01,36.0,CLT,4375879.0
2013-01-01,45.0,CLT,5185949.0
2013-01-01,50.0,CLT,32884738.0
2013-01-01,51.0,CLT,20310474.0
2013-01-01,56.0,CLT,12574264.0
2013-01-01,59.0,CLT,17907309.0
2013-01-01,60.0,CLT,
2013-01-01,64.0,CLT,
2013-01-01,65.0,CLT,4805126.0
2013-01-01,68.0,CLT,7110017.0
2013-01-01,69.0,CLT,860570.0
2013-01-01,70.0,CLT,6249447.0
2013-01-01,75.0,CLT,
2013-01-01,76.0,CLT,
2013-01-01,79.0,CLT,
2013-01-01,82.0,CLT,2439381.0
2013-01-01,83.0,CLT,11725763.0
2013-01-01,,CLT,
2013-01-01,87.0,CLT,691253.0
2013-01-01,88.0,CLT,16380717.0
2013-01-01,89.0,CLT,
2013-01-01,90.0,CLT,23676083.0
2013-01-01,91.0,CLT,23895653.0
2013-01-01,92.0,CLT,94253071.0
2013-01-01,1.0,ORD,577664306.0
2013-01-01,2.0,ORD,522687445.0
2013-01-01,3.0,ORD,906359.0
2013-01-01,6.0,ORD,267092.0
2013-01-01,10.0,ORD,5864810.0
2013-01-01,11.0,ORD,18863370.0
2013-01-01,12.0,ORD,71587852.0
2013-01-01,13.0,ORD,36044345.0
2013-01-01,25.0,ORD,35543507.0
2013-01-01,34.0,ORD,
2013-01-01,35.0,ORD,28754922.0
2013-01-01,36.0,ORD,23967605.0
2013-01-01,45.0,ORD,
2013-01-01,50.0,ORD,124360342.0
2013-01-01,51.0,ORD,54392628.0
2013-01-01,56.0,ORD,69967714.0
2013-01-01,59.0,ORD,87050033.0
2013-01-01,60.0,ORD,
2013-01-01,64.0,ORD,13452785.0
2013-01-01,65.0,ORD,
2013-01-01,68.0,ORD,50458791.0
2013-01-01,69.0,ORD,10966599.0
2013-01-01,70.0,ORD,39492192.0
2013-01-01,75.0,ORD,23237028.0
2013-01-01,76.0,ORD,
2013-01-01,79.0,ORD,
2013-01-01,82.0,ORD,
2013-01-01,83.0,ORD,54976862.0
2013-01-01,,ORD,
2013-01-01,87.0,ORD,1173451.0
2013-01-01,88.0,ORD,
2013-01-01,89.0,ORD,29832414.0
2013-01-01,90.0,ORD,
2013-01-01,91.0,ORD,91624673.0
2013-01-01,92.0,ORD,431062771.0
2013-01-01,1.0,DEN,162317708.0
2013-01-01,2.0,DEN,145942444.0
2013-01-01,3.0,DEN,
2013-01-01,6.0,DEN,2982367.0
2013-01-01,10.0,DEN,
2013-01-01,11.0,DEN,6746860.0
2013-01-01,12.0,DEN,11875300.0
2013-01-01,13.0,DEN,
2013-01-01,25.0,DEN,
2013-01-01,34.0,DEN,
2013-01-01,35.0,DEN,8215852.0
2013-01-01,36.0,DEN,6908578.0
2013-01-01,45.0,DEN,13323234.0
2013-01-01,50.0,DEN,32874954.0
2013-01-01,51.0,DEN,
2013-01-01,56.0,DEN,
2013-01-01,59.0,DEN,27247838.0
2013-01-01,60.0,DEN,
2013-01-01,64.0,DEN,
2013-01-01,65.0,DEN,
2013-01-01,68.0,DEN,11802132.0
2013-01-01,69.0,DEN,1859657.0
2013-01-01,70.0,DEN,9942474.0
2013-01-01,75.0,DEN,7121380.0
2013-01-01,76.0,DEN,
2013-01-01,79.0,DEN,
2013-01-01,82.0,DEN,3648274.0
2013-01-01,83.0,DEN,16375265.0
2013-01-01,,DEN,
2013-01-01,87.0,DEN,
2013-01-01,88.0,DEN,
2013-01-01,89.0,DEN,
2013-01-01,90.0,DEN,25198533.0
2013-01-01,91.0,DEN,
2013-01-01,92.0,DEN,
2013-01-01,1.0,DTW,219845447.0
2013-01-01,2.0,DTW,201750125.0
2013-01-01,3.0,DTW,
2013-01-01,6.0,DTW,277081.0
2013-01-01,10.0,DTW,
2013-01-01,11.0,DTW,6398678.0
2013-01-01,12.0,DTW,43474300.0
2013-01-01,13.0,DTW,37676554.0
2013-01-01,25.0,DTW,5797747.0
2013-01-01,34.0,DTW,
2013-01-01,35.0,DTW,12342275.0
2013-01-01,36.0,DTW,6537061.0
2013-01-01,45.0,DTW,6380266.0
2013-01-01,50.0,DTW,35276508.0
2013-01-01,51.0,DTW,10154142.0
2013-01-01,56.0,DTW,25122366.0
2013-01-01,59.0,DTW,
2013-01-01,60.0,DTW,
2013-01-01,64.0,DTW,
2013-01-01,65.0,DTW,8169805.0
2013-01-01,68.0,DTW,20331412.0
2013-01-01,69.0,DTW,1828580.0
2013-01-01,70.0,DTW,18502832.0
2013-01-01,75.0,DTW,7969988.0
2013-01-01,76.0,DTW,1912912.0
2013-01-01,79.0,DTW,6057075.0
2013-01-01,82.0,DTW,4952576.0
2013-01-01,83.0,DTW,18095323.0
2013-01-01,,DTW,
2013-01-01,87.0,DTW,
2013-01-01,88.0,DTW,
2013-01-01,89.0,DTW,
2013-01-01,90.0,DTW,49854567.0
2013-01-01,91.0,DTW,
2013-01-01,92.0,DTW,
2013-01-01,1.0,IAH,423766110.0
2013-01-01,2.0,IAH,392317292.0
2013-01-01,3.0,IAH,
2013-01-01,6.0,IAH,30205773.0
2013-01-01,10.0,IAH,6240284.0
2013-01-01,11.0,IAH,23263107.0
2013-01-01,12.0,IAH,91851233.0
2013-01-01,13.0,IAH,27948158.0
2013-01-01,25.0,IAH,63903075.0
2013-01-01,34.0,IAH,
2013-01-01,35.0,IAH,18863650.0
2013-01-01,36.0,IAH,19251049.0
2013-01-01,45.0,IAH,
2013-01-01,50.0,IAH,52574983.0
2013-01-01,51.0,IAH,16820432.0
2013-01-01,56.0,IAH,35754551.0
2013-01-01,59.0,IAH,
2013-01-01,60.0,IAH,
2013-01-01,64.0,IAH,
2013-01-01,65.0,IAH,15481913.0
2013-01-01,68.0,IAH,23637477.0
2013-01-01,69.0,IAH,
2013-01-01,70.0,IAH,
2013-01-01,75.0,IAH,11493557.0
2013-01-01,76.0,IAH,2290329.0
2013-01-01,79.0,IAH,9203227.0
2013-01-01,82.0,IAH,7679935.0
2013-01-01,83.0,IAH,31448818.0
2013-01-01,,IAH,
2013-01-01,87.0,IAH,
2013-01-01,88.0,IAH,
2013-01-01,89.0,IAH,25491333.0
2013-01-01,90.0,IAH,
2013-01-01,91.0,IAH,
2013-01-01,92.0,IAH,
2013-01-01,1.0,LAS,92592492.0
2013-01-01,2.0,LAS,82454910.0
2013-01-01,3.0,LAS,15057.0
2013-01-01,6.0,LAS,54294.0
2013-01-01,10.0,LAS,1618690.0
2013-01-01,11.0,LAS,3461383.0
2013-01-01,12.0,LAS,3526598.0
2013-01-01,13.0,LAS,2662172.0
2013-01-01,25.0,LAS,864426.0
2013-01-01,34.0,LAS,3716528.0
2013-01-01,35.0,LAS,6725850.0
2013-01-01,36.0,LAS,4227307.0
2013-01-01,45.0,LAS,2438555.0
2013-01-01,50.0,LAS,18076142.0
2013-01-01,51.0,LAS,3190098.0
2013-01-01,56.0,LAS,14886044.0
2013-01-01,59.0,LAS,9906319.0
2013-01-01,60.0,LAS,4590034.0
2013-01-01,64.0,LAS,2273836.0
2013-01-01,65.0,LAS,3042449.0
2013-01-01,68.0,LAS,5793919.0
2013-01-01,69.0,LAS,481431.0
2013-01-01,70.0,LAS,5312488.0
2013-01-01,75.0,LAS,21202537.0
2013-01-01,76.0,LAS,4135777.0
2013-01-01,79.0,LAS,17066759.0
2013-01-01,82.0,LAS,1691732.0
2013-01-01,83.0,LAS,10137582.0
2013-01-01,,LAS,
2013-01-01,87.0,LAS,69351.0
2013-01-01,88.0,LAS,10442378.0
2013-01-01,89.0,LAS,5845997.0
2013-01-01,90.0,LAS,5965153.0
2013-01-01,91.0,LAS,7057332.0
2013-01-01,92.0,LAS,75397578.0
2013-01-01,1.0,LAX,820353615.0
2013-01-01,2.0,LAX,744294878.0
2013-01-01,3.0,LAX,449534.0
2013-01-01,6.0,LAX,2968205.0
2013-01-01,10.0,LAX,5048681.0
2013-01-01,11.0,LAX,22494478.0
2013-01-01,12.0,LAX,77429660.0
2013-01-01,13.0,LAX,47590285.0
2013-01-01,25.0,LAX,29839375.0
2013-01-01,34.0,LAX,57689636.0
2013-01-01,35.0,LAX,46389322.0
2013-01-01,36.0,LAX,21099448.0
2013-01-01,45.0,LAX,86333700.0
2013-01-01,50.0,LAX,201524885.0
2013-01-01,51.0,LAX,49629885.0
2013-01-01,56.0,LAX,151895000.0
2013-01-01,59.0,LAX,101687512.0
2013-01-01,60.0,LAX,66466080.0
2013-01-01,64.0,LAX,10463024.0
2013-01-01,65.0,LAX,24758409.0
2013-01-01,68.0,LAX,62147010.0
2013-01-01,69.0,LAX,11141589.0
2013-01-01,70.0,LAX,51005421.0
2013-01-01,75.0,LAX,41761876.0
2013-01-01,76.0,LAX,20828277.0
2013-01-01,79.0,LAX,20933598.0
2013-01-01,82.0,LAX,17270932.0
2013-01-01,83.0,LAX,76058737.0
2013-01-01,,LAX,
2013-01-01,87.0,LAX,3417738.0
2013-01-01,88.0,LAX,104078957.0
2013-01-01,89.0,LAX,26148129.0
2013-01-01,90.0,LAX,163763361.0
2013-01-01,91.0,LAX,103341876.0
2013-01-01,92.0,LAX,640953002.0
2013-01-01,1.0,MIA,271477303.0
2013-01-01,2.0,MIA,241819473.0
2013-01-01,3.0,MIA,1104102.0
2013-01-01,6.0,MIA,244569.0
2013-01-01,10.0,MIA,3632086.0
2013-01-01,11.0,MIA,8544322.0
2013-01-01,12.0,MIA,9096415.0
2013-01-01,13.0,MIA,5266747.0
2013-01-01,25.0,MIA,3829669.0
2013-01-01,34.0,MIA,26096390.0
2013-01-01,35.0,MIA,20002561.0
2013-01-01,36.0,MIA,12249862.0
2013-01-01,45.0,MIA,16134290.0
2013-01-01,50.0,MIA,60394196.0
2013-01-01,51.0,MIA,16851696.0
2013-01-01,56.0,MIA,43542500.0
2013-01-01,59.0,MIA,36058353.0
2013-01-01,60.0,MIA,21556411.0
2013-01-01,64.0,MIA,3908311.0
2013-01-01,65.0,MIA,10593631.0
2013-01-01,68.0,MIA,25233288.0
2013-01-01,69.0,MIA,4075223.0
2013-01-01,70.0,MIA,21158065.0
2013-01-01,75.0,MIA,15073652.0
2013-01-01,76.0,MIA,3472168.0
2013-01-01,79.0,MIA,11601484.0
2013-01-01,82.0,MIA,7955387.0
2013-01-01,83.0,MIA,29657830.0
2013-01-01,,MIA,
2013-01-01,87.0,MIA,1348672.0
2013-01-01,88.0,MIA,46098951.0
2013-01-01,89.0,MIA,15881948.0
2013-01-01,90.0,MIA,25230705.0
2013-01-01,91.0,MIA,18989409.0
2013-01-01,92.0,MIA,222830064.0
2013-01-01,1.0,MSP,213332441.0
2013-01-01,2.0,MSP,192757324.0
2013-01-01,3.0,MSP,511776.0
2013-01-01,6.0,MSP,471175.0
2013-01-01,10.0,MSP,2522426.0
2013-01-01,11.0,MSP,6995686.0
2013-01-01,12.0,MSP,30751118.0
2013-01-01,13.0,MSP,20143496.0
2013-01-01,25.0,MSP,10607622.0
2013-01-01,34.0,MSP,17345128.0
2013-01-01,35.0,MSP,11299285.0
2013-01-01,36.0,MSP,6451061.0
2013-01-01,45.0,MSP,9335109.0
2013-01-01,50.0,MSP,43878092.0
2013-01-01,51.0,MSP,19886996.0
2013-01-01,56.0,MSP,23991097.0
2013-01-01,59.0,MSP,32845580.0
2013-01-01,60.0,MSP,
2013-01-01,64.0,MSP,
2013-01-01,65.0,MSP,5759120.0
2013-01-01,68.0,MSP,18716407.0
2013-01-01,69.0,MSP,
2013-01-01,70.0,MSP,
2013-01-01,75.0,MSP,7176755.0
2013-01-01,76.0,MSP,2179202.0
2013-01-01,79.0,MSP,4997552.0
2013-01-01,82.0,MSP,4457727.0
2013-01-01,83.0,MSP,20575117.0
2013-01-01,,MSP,
2013-01-01,87.0,MSP,982951.0
2013-01-01,88.0,MSP,28644413.0
2013-01-01,89.0,MSP,8973487.0
2013-01-01,90.0,MSP,40086227.0
2013-01-01,91.0,MSP,38729754.0
2013-01-01,92.0,MSP,154027570.0
2013-01-01,1.0,JFK,1439677901.0
2013-01-01,1.0,LGA,1439677901.0
2013-01-01,1.0,EWR,1439677901.0
2013-01-01,2.0,JFK,1305137287.0
2013-01-01,2.0,LGA,1305137287.0
2013-01-01,2.0,EWR,1305137287.0
2013-01-01,3.0,JFK,
2013-01-01,3.0,LGA,
2013-01-01,3.0,EWR,
2013-01-01,6.0,JFK,423369.0
2013-01-01,6.0,LGA,423369.0
2013-01-01,6.0,EWR,423369.0
2013-01-01,10.0,JFK,14907306.0
2013-01-01,10.0,LGA,14907306.0
2013-01-01,10.0,EWR,14907306.0
2013-01-01,11.0,JFK,40033913.0
2013-01-01,11.0,LGA,40033913.0
2013-01-01,11.0,EWR,40033913.0
2013-01-01,12.0,JFK,
2013-01-01,12.0,LGA,
2013-01-01,12.0,EWR,
2013-01-01,13.0,JFK,
2013-01-01,13.0,LGA,
2013-01-01,13.0,EWR,
2013-01-01,25.0,JFK,
2013-01-01,25.0,LGA,
2013-01-01,25.0,EWR,
2013-01-01,34.0,JFK,
2013-01-01,34.0,LGA,
2013-01-01,34.0,EWR,
2013-01-01,35.0,JFK,66150466.0
2013-01-01,35.0,LGA,66150466.0
2013-01-01,35.0,EWR,66150466.0
2013-01-01,36.0,JFK,
2013-01-01,36.0,LGA,
2013-01-01,36.0,EWR,
2013-01-01,45.0,JFK,116683915.0
2013-01-01,45.0,LGA,116683915.0
2013-01-01,45.0,EWR,116683915.0
2013-01-01,50.0,JFK,462398877.0
2013-01-01,50.0,LGA,462398877.0
2013-01-01,50.0,EWR,462398877.0
2013-01-01,51.0,JFK,242634027.0
2013-01-01,51.0,LGA,242634027.0
2013-01-01,51.0,EWR,242634027.0
2013-01-01,56.0,JFK,219764851.0
2013-01-01,56.0,LGA,219764851.0
2013-01-01,56.0,EWR,219764851.0
2013-01-01,59.0,JFK,
2013-01-01,59.0,LGA,
2013-01-01,59.0,EWR,
2013-01-01,60.0,JFK,135769591.0
2013-01-01,60.0,LGA,135769591.0
2013-01-01,60.0,EWR,135769591.0
2013-01-01,64.0,JFK,
2013-01-01,64.0,LGA,
2013-01-01,64.0,EWR,
2013-01-01,65.0,JFK,38642818.0
2013-01-01,65.0,LGA,38642818.0
2013-01-01,65.0,EWR,38642818.0
2013-01-01,68.0,JFK,123636092.0
2013-01-01,68.0,LGA,123636092.0
2013-01-01,68.0,EWR,123636092.0
2013-01-01,69.0,JFK,23513099.0
2013-01-01,69.0,LGA,23513099.0
2013-01-01,69.0,EWR,23513099.0
2013-01-01,70.0,JFK,100122993.0
2013-01-01,70.0,LGA,100122993.0
2013-01-01,70.0,EWR,100122993.0
2013-01-01,75.0,JFK,
2013-01-01,75.0,LGA,
2013-01-01,75.0,EWR,
2013-01-01,76.0,JFK,
2013-01-01,76.0,LGA,
2013-01-01,76.0,EWR,
2013-01-01,79.0,JFK,36400614.0
2013-01-01,79.0,LGA,36400614.0
2013-01-01,79.0,EWR,36400614.0
2013-01-01,82.0,JFK,27943524.0
2013-01-01,82.0,LGA,27943524.0
2013-01-01,82.0,EWR,27943524.0
2013-01-01,83.0,JFK,134540614.0
2013-01-01,83.0,LGA,134540614.0
2013-01-01,83.0,EWR,134540614.0
2013-01-01,,JFK,
2013-01-01,,LGA,
2013-01-01,,EWR,
2013-01-01,87.0,JFK,
2013-01-01,87.0,LGA,
2013-01-01,87.0,EWR,
2013-01-01,88.0,JFK,
2013-01-01,88.0,LGA,
2013-01-01,88.0,EWR,
2013-01-01,89.0,JFK,
2013-01-01,89.0,LGA,
2013-01-01,89.0,EWR,
2013-01-01,90.0,JFK,
2013-01-01,90.0,LGA,
2013-01-01,90.0,EWR,
2013-01-01,91.0,JFK,
2013-01-01,91.0,LGA,
2013-01-01,91.0,EWR,
2013-01-01,92.0,JFK,
2013-01-01,92.0,LGA,
2013-01-01,92.0,EWR,
2013-01-01,1.0,MCO,103413293.0
2013-01-01,2.0,MCO,93811337.0
2013-01-01,3.0,MCO,548967.0
2013-01-01,6.0,MCO,63513.0
2013-01-01,10.0,MCO,902546.0
2013-01-01,11.0,MCO,4030895.0
2013-01-01,12.0,MCO,4957650.0
2013-01-01,13.0,MCO,3429809.0
2013-01-01,25.0,MCO,1527842.0
2013-01-01,34.0,MCO,6952437.0
2013-01-01,35.0,MCO,7713840.0
2013-01-01,36.0,MCO,3350401.0
2013-01-01,45.0,MCO,4561404.0
2013-01-01,50.0,MCO,22678743.0
2013-01-01,51.0,MCO,4886627.0
2013-01-01,56.0,MCO,17792116.0
2013-01-01,59.0,MCO,14455005.0
2013-01-01,60.0,MCO,7482568.0
2013-01-01,64.0,MCO,1802092.0
2013-01-01,65.0,MCO,5170346.0
2013-01-01,68.0,MCO,9692387.0
2013-01-01,69.0,MCO,1546488.0
2013-01-01,70.0,MCO,8145899.0
2013-01-01,75.0,MCO,11563081.0
2013-01-01,76.0,MCO,4603559.0
2013-01-01,79.0,MCO,6959522.0
2013-01-01,82.0,MCO,2340468.0
2013-01-01,83.0,MCO,9601956.0
2013-01-01,,MCO,
2013-01-01,87.0,MCO,612480.0
2013-01-01,88.0,MCO,14666277.0
2013-01-01,89.0,MCO,4252947.0
2013-01-01,90.0,MCO,9519055.0
2013-01-01,91.0,MCO,9601025.0
2013-01-01,92.0,MCO,84210312.0
2013-01-01,1.0,PHL,374434278.0
2013-01-01,2.0,PHL,338342439.0
2013-01-01,3.0,PHL,515847.0
2013-01-01,6.0,PHL,128188.0
2013-01-01,10.0,PHL,
2013-01-01,11.0,PHL,
2013-01-01,12.0,PHL,
2013-01-01,13.0,PHL,
2013-01-01,25.0,PHL,
2013-01-01,34.0,PHL,26067515.0
2013-01-01,35.0,PHL,17715961.0
2013-01-01,36.0,PHL,8588020.0
2013-01-01,45.0,PHL,32579166.0
2013-01-01,50.0,PHL,85304883.0
2013-01-01,51.0,PHL,34308372.0
2013-01-01,56.0,PHL,50996512.0
2013-01-01,59.0,PHL,55534448.0
2013-01-01,60.0,PHL,36264385.0
2013-01-01,64.0,PHL,
2013-01-01,65.0,PHL,
2013-01-01,68.0,PHL,42711878.0
2013-01-01,69.0,PHL,9984181.0
2013-01-01,70.0,PHL,32727697.0
2013-01-01,75.0,PHL,11063071.0
2013-01-01,76.0,PHL,3918291.0
2013-01-01,79.0,PHL,7144780.0
2013-01-01,82.0,PHL,6656052.0
2013-01-01,83.0,PHL,36091840.0
2013-01-01,,PHL,
2013-01-01,87.0,PHL,644035.0
2013-01-01,88.0,PHL,43783475.0
2013-01-01,89.0,PHL,
2013-01-01,90.0,PHL,
2013-01-01,91.0,PHL,
2013-01-01,92.0,PHL,
2013-01-01,1.0,PHX,197943482.0
2013-01-01,2.0,PHX,176234835.0
2013-01-01,3.0,PHX,749714.0
2013-01-01,6.0,PHX,1765242.0
2013-01-01,10.0,PHX,3558172.0
2013-01-01,11.0,PHX,8105375.0
2013-01-01,12.0,PHX,16766148.0
2013-01-01,13.0,PHX,13874028.0
2013-01-01,25.0,PHX,2892121.0
2013-01-01,34.0,PHX,14369075.0
2013-01-01,35.0,PHX,15201271.0
2013-01-01,36.0,PHX,5975231.0
2013-01-01,45.0,PHX,6395001.0
2013-01-01,50.0,PHX,45390684.0
2013-01-01,51.0,PHX,16449676.0
2013-01-01,56.0,PHX,28941008.0
2013-01-01,59.0,PHX,25150896.0
2013-01-01,60.0,PHX,12477162.0
2013-01-01,64.0,PHX,2777507.0
2013-01-01,65.0,PHX,9896227.0
2013-01-01,68.0,PHX,19289436.0
2013-01-01,69.0,PHX,2932609.0
2013-01-01,70.0,PHX,16356827.0
2013-01-01,75.0,PHX,9573484.0
2013-01-01,76.0,PHX,2415698.0
2013-01-01,79.0,PHX,7157787.0
2013-01-01,82.0,PHX,3945106.0
2013-01-01,83.0,PHX,21708648.0
2013-01-01,,PHX,
2013-01-01,87.0,PHX,2514956.0
2013-01-01,88.0,PHX,29570346.0
2013-01-01,89.0,PHX,9533402.0
2013-01-01,90.0,PHX,23161149.0
2013-01-01,91.0,PHX,27386480.0
2013-01-01,92.0,PHX,148848354.0
2013-01-01,1.0,SFO,383254722.0
2013-01-01,2.0,SFO,347145652.0
2013-01-01,3.0,SFO,304687.0
2013-01-01,6.0,SFO,560340.0
2013-01-01,10.0,SFO,4039641.0
2013-01-01,11.0,SFO,12905189.0
2013-01-01,12.0,SFO,39733885.0
2013-01-01,13.0,SFO,14260269.0
2013-01-01,25.0,SFO,25473616.0
2013-01-01,34.0,SFO,17188468.0
2013-01-01,35.0,SFO,18742617.0
2013-01-01,36.0,SFO,10144519.0
2013-01-01,45.0,SFO,33550375.0
2013-01-01,50.0,SFO,84668068.0
2013-01-01,51.0,SFO,28267784.0
2013-01-01,56.0,SFO,56400284.0
2013-01-01,59.0,SFO,76617717.0
2013-01-01,60.0,SFO,55353720.0
2013-01-01,64.0,SFO,10309846.0
2013-01-01,65.0,SFO,10954151.0
2013-01-01,68.0,SFO,26651086.0
2013-01-01,69.0,SFO,4127659.0
2013-01-01,70.0,SFO,22523427.0
2013-01-01,75.0,SFO,15039004.0
2013-01-01,76.0,SFO,4764256.0
2013-01-01,79.0,SFO,10274749.0
2013-01-01,82.0,SFO,7000056.0
2013-01-01,83.0,SFO,36109070.0
2013-01-01,,SFO,
2013-01-01,87.0,SFO,865027.0
2013-01-01,88.0,SFO,35931085.0
2013-01-01,89.0,SFO,14184160.0
2013-01-01,90.0,SFO,73284260.0
2013-01-01,91.0,SFO,53504101.0
2013-01-01,92.0,SFO,293641551.0
2013-01-01,1.0,SEA,284258477.0
2013-01-01,2.0,SEA,252863761.0
2013-01-01,3.0,SEA,676716.0
2013-01-01,6.0,SEA,121169.0
2013-01-01,10.0,SEA,341242.0
2013-01-01,11.0,SEA,8843674.0
2013-01-01,12.0,SEA,46700822.0
2013-01-01,13.0,SEA,42235013.0
2013-01-01,25.0,SEA,4465809.0
2013-01-01,34.0,SEA,16567864.0
2013-01-01,35.0,SEA,20136859.0
2013-01-01,36.0,SEA,8350195.0
2013-01-01,45.0,SEA,40487138.0
2013-01-01,50.0,SEA,44620439.0
2013-01-01,51.0,SEA,10748909.0
2013-01-01,56.0,SEA,33871531.0
2013-01-01,59.0,SEA,33182918.0
2013-01-01,60.0,SEA,21637117.0
2013-01-01,64.0,SEA,4145129.0
2013-01-01,65.0,SEA,7400672.0
2013-01-01,68.0,SEA,17814260.0
2013-01-01,69.0,SEA,1851151.0
2013-01-01,70.0,SEA,15963109.0
2013-01-01,75.0,SEA,9728132.0
2013-01-01,76.0,SEA,2750529.0
2013-01-01,79.0,SEA,6977603.0
2013-01-01,82.0,SEA,5292333.0
2013-01-01,83.0,SEA,31394716.0
2013-01-01,,SEA,
2013-01-01,87.0,SEA,797885.0
2013-01-01,88.0,SEA,36704724.0
2013-01-01,89.0,SEA,8691437.0
2013-01-01,90.0,SEA,87187960.0
2013-01-01,91.0,SEA,56342381.0
2013-01-01,92.0,SEA,196521380.0
